IP Address,Country,Latitude,Longitude
52.137.42.24,Netherlands,52.3667,4.9
52.137.42.24,Netherlands,52.3667,4.9
177.207.209.239,Brazil,-25.5026,-49.2908
177.207.209.239,Brazil,-25.5026,-49.2908
177.207.209.239,Brazil,-25.5026,-49.2908
177.207.209.239,Brazil,-25.5026,-49.2908
168.63.129.16,Hong Kong,22.3193,114.169
168.63.129.16,Hong Kong,22.3193,114.169
52.137.42.24,Netherlands,52.3667,4.9
177.207.209.239,Brazil,-25.5026,-49.2908
52.137.42.24,Netherlands,52.3667,4.9
177.207.209.239,Brazil,-25.5026,-49.2908
177.207.209.239,Brazil,-25.5026,-49.2908
177.207.209.239,Brazil,-25.5026,-49.2908
52.137.42.24,Netherlands,52.3667,4.9
52.137.42.24,Netherlands,52.3667,4.9
52.137.42.24,Netherlands,52.3667,4.9
52.137.42.24,Netherlands,52.3667,4.9
52.137.42.24,Netherlands,52.3667,4.9
52.137.42.24,Netherlands,52.3667,4.9
52.137.42.24,Netherlands,52.3667,4.9
52.137.42.24,Netherlands,52.3667,4.9
52.137.42.24,Netherlands,52.3667,4.9
52.137.42.24,Netherlands,52.3667,4.9
52.137.42.24,Netherlands,52.3667,4.9
52.137.42.24,Netherlands,52.3667,4.9
52.137.42.24,Netherlands,52.3667,4.9
52.137.42.24,Netherlands,52.3667,4.9
103.171.224.13,India,10.516,76.2157
45.136.17.18,Germany,48.9751,8.4456
52.137.42.24,Netherlands,52.3667,4.9
52.137.42.24,Netherlands,52.3667,4.9
103.171.224.13,India,10.516,76.2157
52.137.42.24,Netherlands,52.3667,4.9
52.137.42.24,Netherlands,52.3667,4.9
103.171.224.13,India,10.516,76.2157
45.136.17.18,Germany,48.9751,8.4456
52.137.42.24,Netherlands,52.3667,4.9
52.137.42.24,Netherlands,52.3667,4.9
103.171.224.13,India,10.516,76.2157
103.171.224.13,India,10.516,76.2157
52.137.42.24,Netherlands,52.3667,4.9
52.137.42.24,Netherlands,52.3667,4.9
103.171.224.13,India,10.516,76.2157
103.171.224.13,India,10.516,76.2157
103.171.224.13,India,10.516,76.2157
103.171.224.13,India,10.516,76.2157
